{"lots/wip": 3379, "lots/done": 40622, "machines/free": 372.5165066026411, "machines/free_with_lots_waiting": 1.4366746698679471, "lots/steps_performed": 3429, "lots/now_done": 13, "sim/simulated_time_seconds": 63072010.10212066, "sim/simulated_time_days": 730.0001169226929, "sim/running_time_minutes": 39.83560088475545, "sim/running_time_hours": 0.6639266814125909, "sim/speed": 26388.460196943026, "lots/throughput_per_day": 93.3172901633676, "lots/released": 44001, "machines/batch_util": 1.0, "machines/setups_executed": 3170.5476190476193, "machines/avg_run_per_setup": 3.590983783580758, "machines/avg_run_per_setup_for_enforced": 16.610195970317275, "machines/avg_run_per_setup_NOT_enforced": 2.4320096367998136, "lots/done_in_time": 6352, "lots/done_late": 34270, "lots/cqt_violations": 0, "_timestamp": 1702498208.0810251, "_runtime": 2394.418361186981, "_step": 3329, "lot_stats": {"_type": "html-file", "sha256": "bf0944bc49a474a4b59143969c0b39762eb70df8396c816227dc2fd91d75ffed", "size": 857, "path": "media/html/lot_stats_3329_bf0944bc49a474a4b591.html"}, "_wandb": {"runtime": 2392}}