{"lots/wip": 4037, "lots/done": 39964, "machines/free": 401.05333333333334, "machines/free_with_lots_waiting": 0, "lots/steps_performed": 75, "lots/now_done": 0, "sim/simulated_time_seconds": 63072002.55151573, "sim/simulated_time_days": 730.000029531432, "sim/running_time_minutes": 45.35237573782603, "sim/running_time_hours": 0.7558729289637671, "sim/speed": 23178.500032767006, "lots/throughput_per_day": 0.0, "lots/released": 44001, "machines/batch_util": 0, "machines/setups_executed": 3642.220238095238, "machines/avg_run_per_setup": 3.0567165691829348, "machines/avg_run_per_setup_for_enforced": 16.253403550731303, "machines/avg_run_per_setup_NOT_enforced": 2.0468531948479787, "lots/done_in_time": 9544, "lots/done_late": 30420, "lots/cqt_violations": 0, "_timestamp": 1702542953.8319945, "_runtime": 2725.2496626377106, "_step": 3256, "lot_stats": {"_type": "html-file", "sha256": "6922647641e5b97d266a559c42ae58ef903e8287a410ebe99f673d908b1534d5", "size": 857, "path": "media/html/lot_stats_3256_6922647641e5b97d266a.html"}, "_wandb": {"runtime": 2723}}