{"lots/wip": 3418, "lots/done": 40583, "machines/free": 400.81015927679726, "machines/free_with_lots_waiting": 1.0107619457597934, "lots/steps_performed": 4780, "lots/now_done": 13, "sim/simulated_time_seconds": 63072001.13984759, "sim/simulated_time_days": 730.0000131926804, "sim/running_time_minutes": 45.772199829419456, "sim/running_time_hours": 0.7628699971569909, "sim/speed": 22965.905569647002, "lots/throughput_per_day": 67.94947459412906, "lots/released": 44001, "machines/batch_util": 1.0, "machines/setups_executed": 5472.089285714285, "machines/avg_run_per_setup": 2.079220448591298, "machines/avg_run_per_setup_for_enforced": 16.810049503799938, "machines/avg_run_per_setup_NOT_enforced": 1.3557728525153006, "lots/done_in_time": 6469, "lots/done_late": 34114, "lots/cqt_violations": 0, "_timestamp": 1702543219.6075675, "_runtime": 2750.9219315052032, "_step": 3327, "lot_stats": {"_type": "html-file", "sha256": "2fc14799b0cc0b9173ee6c7789f44f71f1e6339fb3781a9e47c7e8346677e924", "size": 851, "path": "media/html/lot_stats_3327_2fc14799b0cc0b9173ee.html"}, "_wandb": {"runtime": 2749}}